,t,q,w,dw,u,V,I
0,11278028,0.0000,0.0000,0.0000,0,1.0440,-0.0003
0,11292028,0.0000,0.0000,0.0000,0,1.0440,-0.0003
0,11306028,0.0000,0.0000,0.0000,0,1.0440,-0.0003
0,11320028,0.0000,0.0000,0.0000,1,0.0000,-0.0003
0,11334028,0.0000,0.0000,0.0000,3,0.0000,-0.0003
0,11348028,0.0000,0.0000,0.0000,4,0.0000,-0.0003
0,11362028,0.0000,0.0000,0.0000,6,0.0000,-0.0003
0,11376028,0.0000,0.0000,0.0000,9,0.0000,-0.0003
0,11390028,0.0053,0.3803,27.1662,11,0.1680,0.0428
0,11404028,0.0106,0.3804,0.0058,14,0.1680,0.0428
0,11418028,0.0213,0.7607,27.1604,18,0.1680,0.0428
0,11432028,0.0373,1.1410,27.1662,21,0.1680,0.0428
0,11446028,0.0586,1.5213,27.1662,25,1.1560,0.1444
0,11460028,0.0905,2.2821,54.3479,29,1.1560,0.1444
0,11474027,0.1278,2.6623,27.1545,33,1.1560,0.1444
0,11488028,0.1757,3.4227,54.3111,37,1.1560,0.1444
0,11502028,0.2343,4.1839,54.3751,41,1.1560,0.1444
0,11516028,0.3035,4.9442,54.3109,46,1.9440,0.2090
0,11530028,0.3834,5.7049,54.3327,50,1.9440,0.2090
0,11544027,0.4792,6.8459,81.4982,55,1.9440,0.2090
0,11558028,0.5857,7.6065,54.3327,59,1.9440,0.2090
0,11572028,0.7028,8.3672,54.3325,63,2.9600,0.2709
0,11586028,0.8360,9.5075,81.4441,67,2.9600,0.2709
0,11600027,0.9797,10.2696,54.4372,71,2.9600,0.2709
0,11614028,1.1395,11.4090,81.3826,75,2.9600,0.2709
0,11628027,1.3098,12.1713,54.4562,79,2.9600,0.2709
0,11642028,1.4962,13.3095,81.2889,82,4.3480,0.2910
0,11656028,1.6932,14.0701,54.3171,86,4.3480,0.2910
0,11670028,1.9009,14.8327,54.4756,88,4.3480,0.2910
0,11684028,2.1245,15.9737,81.4996,91,4.3480,0.2910
0,11698028,2.3535,16.3540,27.1651,93,4.3480,0.2910
0,11712028,2.5984,17.4925,81.3089,95,5.0880,0.2763
0,11726028,2.8486,17.8779,27.5312,97,5.0880,0.2763
0,11740028,3.1096,18.6400,54.4460,98,5.0880,0.2763
0,11754028,3.3758,19.0150,26.7834,99,5.0880,0.2763
0,11768028,3.6527,19.7770,54.4296,99,5.7800,0.2284
0,11782028,3.9349,20.1588,27.2699,99,5.7800,0.2284
0,11796028,4.2171,20.1573,-0.1029,99,5.7800,0.2284
0,11810027,4.5099,20.9180,54.3338,98,5.7800,0.2284
0,11824027,4.8028,20.9180,-0.0025,97,5.7800,0.2284
0,11838028,5.0956,20.9135,-0.3175,96,5.4200,0.1773
0,11852028,5.3885,20.9180,0.3176,94,5.4200,0.1773
0,11866028,5.6813,20.9180,0.0000,92,5.4200,0.1773
0,11880028,5.9689,20.5377,-27.1627,90,5.4200,0.1773
0,11894028,6.2564,20.5376,-0.0023,87,4.6880,0.0970
0,11908028,6.5386,20.1617,-26.8623,84,4.6880,0.0970
0,11922027,6.8155,19.7756,-27.5750,80,4.6880,0.0970
0,11936027,7.0870,19.3980,-26.9697,77,4.6880,0.0970
0,11950028,7.3479,18.6347,-54.5204,73,4.6880,0.0970
0,11964028,7.5982,17.8766,-54.1527,69,4.3880,0.0440
0,11978028,7.8484,17.8767,0.0048,65,4.3880,0.0440
0,11992028,8.0827,16.7344,-81.5890,61,4.3880,0.0440
0,12006028,8.3063,15.9737,-54.3375,56,4.3880,0.0440
0,12020028,8.5246,15.5912,-27.3202,52,4.3880,0.0440
0,12034027,8.7270,14.4545,-81.2053,48,2.9640,-0.0058
0,12048028,8.9187,13.6898,-54.6097,43,2.9640,-0.0058
0,12062027,9.0891,12.1714,-108.4664,39,2.9640,-0.0058
0,12076028,9.2541,11.7901,-27.2370,35,2.9640,-0.0058
0,12090027,9.4032,10.6492,-81.4904,31,1.3600,-0.0476
0,12104028,9.5416,9.8871,-54.4282,27,1.3600,-0.0476
0,12118028,9.6641,8.7494,-81.2828,23,1.3600,-0.0476
0,12132028,9.7706,7.6065,-81.6342,19,1.3600,-0.0476
0,12146027,9.8718,7.2257,-27.2001,16,1.3600,-0.0476
0,12160028,9.9516,5.7037,-108.6876,13,0.5720,-0.0666
0,12174028,10.0262,5.3246,-27.0827,10,0.5720,-0.0666
0,12188028,10.0794,3.8033,-108.6653,7,0.5720,-0.0666
0,12202028,10.1273,3.4229,-27.1651,5,0.5720,-0.0666
0,12216028,10.1646,2.6623,-54.3302,3,0.0280,-0.0666
0,12230028,10.1912,1.9016,-54.3351,2,0.0280,-0.0476
0,12244028,10.2072,1.1412,-54.3244,1,0.0280,-0.0476
0,12258028,10.2179,0.7605,-27.1943,0,0.0280,-0.0476
0,12272028,10.2179,0.0000,-54.3215,0,0.0280,-0.0476
0,12286028,10.2179,0.0000,0.0000,0,0.0000,-0.0227
0,12300028,10.2179,0.0000,0.0000,0,0.0000,-0.0227
0,12314028,10.2179,0.0000,0.0000,1,0.0000,-0.0227
0,12328028,10.2179,0.0000,0.0000,2,0.0000,-0.0227
0,12342028,10.2179,0.0000,0.0000,3,0.0000,-0.0227
0,12356028,10.2179,0.0000,0.0000,5,0.0000,0.0096
0,12370028,10.2179,0.0000,0.0000,8,0.0000,0.0096
0,12384028,10.2179,0.0000,0.0000,10,0.0000,0.0096
0,12398028,10.2179,0.0000,0.0000,13,0.0000,0.0096
0,12412027,10.2285,0.7609,54.3584,16,0.3480,0.1050
0,12426028,10.2392,0.7606,-0.0165,20,0.3480,0.1050
0,12440028,10.2605,1.5214,54.3468,23,0.3480,0.1050
0,12454028,10.2924,2.2820,54.3273,27,0.3480,0.1050
0,12468028,10.3244,2.2819,-0.0049,31,0.3480,0.1050
0,12482027,10.3670,3.0426,54.3351,35,1.4080,0.1783
0,12496028,10.4255,4.1836,81.4954,39,1.4080,0.1783
0,12510028,10.4894,4.5639,27.1700,44,1.4080,0.1783
0,12524028,10.5640,5.3246,54.3302,48,1.4080,0.1783
0,12538028,10.6545,6.4656,81.5002,53,1.4080,0.1783
0,12552028,10.7503,6.8459,27.1651,57,2.7200,0.2423
0,12566028,10.8675,8.3672,108.6654,61,2.7200,0.2423
0,12580028,10.9952,9.1278,54.3302,66,2.7200,0.2423
0,12594028,11.1337,9.8878,54.2808,70,2.7200,0.2423
0,12608028,11.2881,11.0287,81.4837,74,3.9680,0.2830
0,12622028,11.4532,11.7918,54.5195,77,3.9680,0.2830
0,12636028,11.6289,12.5508,54.2147,81,3.9680,0.2830
0,12650028,11.8259,14.0701,108.5014,84,3.9680,0.2830
0,12664027,12.0282,14.4503,27.1574,87,3.9680,0.2830
0,12678028,12.2412,15.2131,54.4874,90,5.0200,0.2892
0,12692028,12.4702,16.3540,81.4905,92,5.0200,0.2892
0,12706028,12.7098,17.1146,54.3303,94,5.0200,0.2892
0,12720028,12.9547,17.4951,27.1748,96,5.0200,0.2892
0,12734028,13.2103,18.2583,54.5244,98,5.5320,0.2556
0,12748027,13.4765,19.0178,54.2495,99,5.5320,0.2556
0,12762028,13.7481,19.3966,27.0632,99,5.5320,0.2556
0,12776028,14.0303,20.1544,54.1170,99,5.5320,0.2556
0,12790028,14.3071,19.7799,-26.7566,99,5.5320,0.2556
0,12804027,14.6000,20.9180,81.2934,99,5.6520,0.2057
0,12818028,14.8875,20.5377,-27.1602,98,5.6520,0.2057
0,12832028,15.1804,20.9149,26.9383,97,5.6520,0.2057
0,12846028,15.4732,20.9165,0.1116,95,5.6520,0.2057
0,12860027,15.7661,20.9180,0.1065,93,5.6520,0.2057
0,12874028,16.0536,20.5376,-27.1650,91,5.4680,0.1389
0,12888028,16.3464,20.9165,27.0613,88,5.4680,0.1389
0,12902028,16.6287,20.1588,-54.1245,85,5.4680,0.1389
0,12916028,16.9055,19.7825,-26.8866,82,5.4680,0.1389
0,12930027,17.1771,19.3954,-27.6512,78,4.2960,0.0666
0,12944027,17.4433,19.0163,-27.0808,75,4.2960,0.0666
0,12958028,17.6989,18.2556,-54.3303,71,4.2960,0.0666
0,12972027,17.9491,17.8767,-27.0710,67,4.2960,0.0666
0,12986028,18.1888,17.1136,-54.5047,63,4.2960,0.0666
0,13000028,18.4177,16.3552,-54.1731,58,3.8560,0.0162
0,13014028,18.6360,15.5934,-54.4137,54,3.8560,0.0162
0,13028028,18.8437,14.8328,-54.3303,50,3.8560,0.0162
0,13042028,19.0407,14.0721,-54.3302,45,3.8560,0.0162
0,13056027,19.2217,12.9311,-81.5003,41,2.6000,0.0162
0,13070028,19.3921,12.1704,-54.3400,36,2.6000,-0.0274
0,13084028,19.5465,11.0295,-81.4905,32,2.6000,-0.0274
0,13098028,19.6903,10.2688,-54.3400,28,2.6000,-0.0274
0,13112028,19.8181,9.1272,-81.5312,24,2.6000,-0.0274
0,13126028,19.9352,8.3677,-54.2546,21,1.3440,-0.0649
0,13140028,20.0364,7.2257,-81.5642,17,1.3440,-0.0649
0,13154028,20.1216,6.0838,-81.5488,14,1.3440,-0.0649
0,13168028,20.2014,5.7050,-27.0574,11,1.3440,-0.0649
0,13182028,20.2653,4.5639,-81.5099,8,1.3440,-0.0649
0,13196028,20.3133,3.4230,-81.4905,6,0.3000,-0.0644
0,13210028,20.3559,3.0426,-27.1700,4,0.3000,-0.0644
0,13224028,20.3878,2.2819,-54.3400,2,0.3000,-0.0644
0,13238028,20.4091,1.5216,-54.3127,1,0.3000,-0.0644
0,13252028,20.4198,0.7607,-54.3555,0,0.0000,-0.0318
0,13266028,20.4304,0.7606,-0.0039,0,0.0000,-0.0318
0,13280028,20.4304,0.0000,-54.3302,0,0.0000,-0.0318
0,13294028,20.4304,0.0000,0.0000,0,0.0000,-0.0318
0,13308028,20.4304,0.0000,0.0000,0,0.0000,-0.0318
0,13322028,20.4304,0.0000,0.0000,1,0.0000,-0.0083
0,13336028,20.4304,0.0000,0.0000,3,0.0000,-0.0083
0,13350028,20.4304,0.0000,0.0000,5,0.0000,-0.0083
0,13364028,20.4304,0.0000,0.0000,7,0.0000,-0.0083
0,13378028,20.4304,0.0000,0.0000,9,0.3280,-0.0083
0,13392028,20.4357,0.3802,27.1603,12,0.3280,0.0360
0,13406028,20.4410,0.3805,0.0156,15,0.3280,0.0360
0,13420028,20.4517,0.7608,27.1700,18,0.3280,0.0360
0,13434028,20.4677,1.1408,27.1389,22,0.3280,0.0360
0,13448028,20.4890,1.5212,27.1758,25,1.0840,0.1462
0,13462028,20.5209,2.2822,54.3555,29,1.0840,0.1462
0,13476028,20.5582,2.6624,27.1583,33,1.0840,0.1462
0,13490027,20.6114,3.8030,81.4653,38,1.0840,0.1462
0,13504028,20.6700,4.1838,27.2029,42,1.0840,0.1462
0,13518028,20.7392,4.9440,54.2993,46,2.1400,0.2187
0,13532028,20.8244,6.0857,81.5526,51,2.1400,0.2187
0,13546028,20.9149,6.4655,27.1292,55,2.1400,0.2187
0,13560027,21.0214,7.6065,81.5003,59,2.1400,0.2187
0,13574028,21.1439,8.7469,81.4498,64,3.2160,0.2694
0,13588028,21.2717,9.1285,27.2631,68,3.2160,0.2694
0,13602028,21.4208,10.6484,108.5519,72,3.2160,0.2694
0,13616028,21.5805,11.4106,54.4466,76,3.2160,0.2694
0,13630028,21.7509,12.1697,54.2159,79,3.2160,0.2694
0,13644028,21.9373,13.3123,81.6263,83,4.0200,0.2964
0,13658028,22.1396,14.4462,80.9554,86,4.0200,0.2964
0,13672027,22.3472,14.8349,27.7675,89,4.0200,0.2964
0,13686028,22.5709,15.9738,81.3488,91,4.0200,0.2964
0,13700028,22.8052,16.7332,54.2410,94,4.0200,0.2964
0,13714028,23.0448,17.1159,27.3349,96,5.3320,0.2794
0,13728027,23.2950,17.8754,54.2526,97,5.3320,0.2794
0,13742028,23.5559,18.6400,54.6273,98,5.3320,0.2794
0,13756027,23.8275,19.3966,54.0449,99,5.3320,0.2794
0,13770028,24.1044,19.7742,26.9644,99,5.6360,0.2313
0,13784028,24.3812,19.7799,0.4037,99,5.6360,0.2313
0,13798028,24.6634,20.1573,26.9583,99,5.6360,0.2313
0,13812027,24.9563,20.9180,54.3400,98,5.6360,0.2313
0,13826028,25.2438,20.5332,-27.4783,97,5.6360,0.2313
0,13840028,25.5367,20.9180,27.4842,96,5.3920,0.1771
0,13854028,25.8295,20.9178,-0.0195,94,5.3920,0.1771
0,13868029,26.1224,20.9167,-0.0774,92,5.3920,0.1771
0,13882028,26.4046,20.1587,-54.1441,89,5.3920,0.1771
0,13896028,26.6921,20.5393,27.1836,86,5.0000,0.1046
0,13910028,26.9743,20.1601,-27.0826,83,5.0000,0.1046
0,13924027,27.2459,19.3979,-54.4507,80,5.0000,0.1046
0,13938028,27.5121,19.0152,-27.3347,76,5.0000,0.1046
0,13952027,27.7730,18.6374,-26.9895,73,5.0000,0.1046
0,13966027,28.0286,18.2543,-27.3562,69,4.1280,0.0427
0,13980027,28.2735,17.4963,-54.1517,64,4.1280,0.0427
0,13994028,28.5078,16.7344,-54.4195,60,4.1280,0.0427
0,14008028,28.7261,15.5934,-81.5003,56,4.1280,0.0427
0,14022028,28.9391,15.2119,-27.2456,51,4.1280,0.0427
0,14036028,29.1414,14.4524,-54.2527,47,3.0840,-0.0052
0,14050028,29.3278,13.3125,-81.4283,43,3.0840,-0.0052
0,14064028,29.5035,12.5508,-54.4079,38,3.0840,-0.0052
0,14078027,29.6632,11.4099,-81.4905,34,3.0840,-0.0052
0,14092027,29.8123,10.6491,-54.3400,30,1.7800,-0.0493
0,14106028,29.9507,9.8884,-54.3400,26,1.7800,-0.0493
0,14120028,30.0679,8.3671,-108.6605,22,1.7800,-0.0493
0,14134028,30.1744,7.6066,-54.3205,19,1.7800,-0.0493
0,14148028,30.2702,6.8454,-54.3710,15,1.7800,-0.0493
0,14162029,30.3501,5.7038,-81.5254,12,0.7520,-0.0695
0,14176028,30.4246,5.3245,-27.0924,9,0.7520,-0.0695
0,14190028,30.4779,3.8031,-108.6702,7,0.7520,-0.0695
0,14204028,30.5258,3.4231,-27.1408,5,0.7520,-0.0695
0,14218028,30.5577,2.2819,-81.5197,3,0.0280,-0.0695
0,14232028,30.5844,1.9020,-27.1370,2,0.0280,-0.0414
0,14246028,30.6003,1.1410,-54.3594,1,0.0280,-0.0414
0,14260028,30.6110,0.7608,-27.1603,0,0.0280,-0.0414
0,14274028,30.6163,0.3802,-27.1797,0,0.0280,-0.0414
0,14288028,30.6163,0.0000,-27.1583,0,0.0000,-0.0249
0,14302028,30.6163,0.0000,0.0000,0,0.0000,-0.0249
0,14316028,30.6163,0.0000,0.0000,1,0.0000,-0.0249
0,14330028,30.6163,0.0000,0.0000,2,0.0000,-0.0249
0,14344028,30.6163,0.0000,0.0000,4,0.0000,-0.0249
0,14358028,30.6163,0.0000,0.0000,6,0.0000,0.0085
0,14372028,30.6163,0.0000,0.0000,8,0.0000,0.0085
0,14386028,30.6163,0.0000,0.0000,11,0.0000,0.0085
0,14400028,30.6216,0.3802,27.1603,13,0.0000,0.0085
0,14414028,30.6323,0.7610,27.2030,17,0.5480,0.0820
0,14428028,30.6429,0.7606,-0.0253,20,0.5480,0.0820
0,14442028,30.6642,1.5212,54.3302,24,0.5480,0.0820
0,14456028,30.6909,1.9016,27.1700,28,0.5480,0.0820
0,14470028,30.7281,2.6624,54.3400,32,0.5480,0.0820
0,14484028,30.7707,3.0425,27.1505,36,1.5800,0.1841
0,14498028,30.8293,4.1838,81.5197,40,1.5800,0.1841
0,14512028,30.8985,4.9441,54.3108,44,1.5800,0.1841
0,14526028,30.9731,5.3245,27.1700,49,1.5800,0.1841
0,14540028,31.0636,6.4653,81.4809,53,2.7040,0.1841
0,14554028,31.1647,7.2265,54.3748,58,2.7040,0.2460
0,14568028,31.2819,8.3668,81.4441,62,2.7040,0.2460
0,14582028,31.4097,9.1284,54.4039,66,2.7040,0.2460
0,14596028,31.5534,10.2688,81.4537,70,2.7040,0.2460
0,14610029,31.7079,11.0289,54.2896,74,3.9080,0.2873
0,14624028,31.8782,12.1713,81.6049,78,3.9080,0.2873
0,14638028,32.0593,12.9292,54.1285,81,3.9080,0.2873
0,14652028,32.2510,13.6937,54.6194,85,3.9080,0.2873
0,14666028,32.4586,14.8266,80.8817,88,3.9080,0.2873
0,14680027,32.6769,15.5956,54.9413,90,4.7640,0.2882
0,14694028,32.9059,16.3539,54.1614,93,4.7640,0.2882
0,14708028,33.1455,17.1146,54.3400,95,4.7640,0.2882
0,14722028,33.3957,17.8728,54.1499,96,4.7640,0.2882
0,14736027,33.6513,18.2623,27.8281,98,5.4760,0.2556
0,14750028,33.9229,19.3969,81.0441,99,5.4760,0.2556
0,14764028,34.1944,19.3964,-0.0390,99,5.4760,0.2556
0,14778028,34.4766,20.1574,54.3594,99,5.4760,0.2556
0,14792028,34.7588,20.1571,-0.0193,99,5.4760,0.2556
0,14806027,35.0517,20.9182,54.3594,99,5.7600,0.2039
0,14820028,35.3445,20.9152,-0.2135,98,5.7600,0.2039
0,14834028,35.6374,20.9134,-0.1261,96,5.7600,0.2039
0,14848028,35.9302,20.9194,0.4269,95,5.7600,0.2039
0,14862028,36.2231,20.9209,0.1068,93,5.7600,0.2039
0,14876028,36.5106,20.5378,-27.3640,90,5.3000,0.1358
0,14890028,36.7981,20.5375,-0.0195,88,5.3000,0.1358
0,14904028,37.0803,20.1603,-26.9486,85,5.3000,0.1358
0,14918028,37.3625,20.1571,-0.2252,81,5.3000,0.1358
0,14932028,37.6341,19.3969,-54.3011,78,4.8840,0.0649
0,14946028,37.9003,19.0163,-27.1894,74,4.8840,0.0649
0,14960028,38.1612,18.6375,-27.0574,70,4.8840,0.0649
0,14974027,38.4062,17.4950,-81.6051,66,4.8840,0.0649
0,14988028,38.6458,17.1146,-27.1699,62,4.8840,0.0649
0,15002028,38.8747,16.3542,-54.3206,58,3.8920,0.0151
0,15016028,39.0930,15.5934,-54.3399,53,3.8920,0.0151
0,15030028,39.2954,14.4512,-81.5778,49,3.8920,0.0151
0,15044028,39.4871,13.6927,-54.1808,45,3.8920,0.0151
0,15058028,39.6734,13.3117,-27.2205,40,2.5240,-0.0295
0,15072028,39.8385,11.7899,-108.6994,36,2.5240,-0.0295
0,15086028,39.9929,11.0297,-54.3011,32,2.5240,-0.0295
0,15100028,40.1313,9.8885,-81.5099,28,2.5240,-0.0295
0,15114028,40.2591,9.1278,-54.3400,24,2.5240,-0.0295
0,15128028,40.3763,8.3670,-54.3400,20,1.5240,-0.0646
0,15142028,40.4721,6.8460,-108.6410,17,1.5240,-0.0646
0,15156027,40.5626,6.4638,-27.2941,14,1.5240,-0.0646
0,15170028,40.6318,4.9441,-108.5480,11,1.5240,-0.0646
0,15184028,40.6957,4.5640,-27.1505,8,1.5240,-0.0646
0,15198028,40.7490,3.8027,-54.3710,6,0.0360,-0.0615
0,15212028,40.7863,2.6628,-81.4361,4,0.0360,-0.0615
0,15226028,40.8129,1.9016,-54.3671,2,0.0360,-0.0615
0,15240028,40.8342,1.5216,-27.1525,1,0.0360,-0.0615
0,15254028,40.8448,0.7605,-54.3633,0,0.0880,-0.0371
0,15268028,40.8501,0.3804,-27.1505,0,0.0880,-0.0371
0,15282028,40.8501,0.0000,-27.1700,0,0.0880,-0.0371
0,15296028,40.8501,0.0000,0.0000,0,0.0880,-0.0371
0,15310028,40.8501,0.0000,0.0000,0,0.0880,-0.0371
0,15324028,40.8501,0.0000,0.0000,2,0.0000,-0.0046
0,15338028,40.8501,0.0000,0.0000,3,0.0000,-0.0046
0,15352028,40.8501,0.0000,0.0000,5,0.0000,-0.0046
0,15366028,40.8501,0.0000,0.0000,7,0.0000,-0.0046
0,15380028,40.8501,0.0000,0.0000,9,0.0320,-0.0046
0,15394028,40.8501,0.0000,0.0000,12,0.0320,0.0416
0,15408028,40.8608,0.7609,54.3633,15,0.0320,0.0416
0,15422028,40.8714,0.7605,-0.0272,19,0.0320,0.0416
0,15436028,40.8874,1.1411,27.1856,22,0.0320,0.0416
0,15450028,40.9087,1.5211,27.1408,26,1.1600,0.1463
0,15464028,40.9407,2.2822,54.3633,30,1.1600,0.1463
0,15478028,40.9833,3.0428,54.3283,34,1.1600,0.1463
0,15492028,41.0312,3.4229,27.1505,38,1.1600,0.1463
0,15506028,41.0951,4.5637,81.4809,43,1.1600,0.1463
0,15520027,41.1643,4.9445,27.2010,47,2.3520,0.2243
0,15534028,41.2495,6.0853,81.4847,51,2.3520,0.2243
0,15548028,41.3507,7.2261,81.4905,56,2.3520,0.2243
0,15562028,41.4572,7.6068,27.1895,60,2.3520,0.2243
0,15576027,41.5796,8.7474,81.4710,64,3.1120,0.2679
0,15590028,41.7181,9.8885,81.5100,68,3.1120,0.2679
0,15604027,41.8671,10.6493,54.3400,72,3.1120,0.2679
0,15618028,42.0322,11.7899,81.4710,76,3.1120,0.2679
0,15632028,42.2079,12.5500,54.2916,80,3.1120,0.2679
0,15646028,42.3996,13.6927,81.6302,83,4.2880,0.2911
0,15660027,42.5966,14.0681,26.8053,86,4.2880,0.2911
0,15674028,42.8096,15.2141,81.8611,89,4.2880,0.2911
0,15688028,43.0385,16.3527,81.3237,92,4.2880,0.2911
0,15702028,43.2728,16.7345,27.2728,94,5.1440,0.2911
0,15716028,43.5178,17.4950,54.3205,96,5.1440,0.2735
0,15730028,43.7733,18.2558,54.3400,97,5.1440,0.2735
0,15744028,44.0396,19.0203,54.6235,98,5.1440,0.2735
0,15758028,44.3111,19.3939,26.6771,99,5.1440,0.2735
0,15772028,44.5880,19.7770,27.3679,99,5.5720,0.2291
0,15786027,44.8702,20.1603,27.3797,99,5.5720,0.2291
0,15800027,45.1577,20.5378,26.9642,99,5.5720,0.2291
0,15814028,45.4453,20.5375,-0.0195,98,5.5720,0.2291
0,15828027,45.7434,21.2937,54.0025,97,5.5720,0.2291
0,15842028,46.0363,20.9182,-26.8245,96,5.4960,0.1722
0,15856028,46.3291,20.9176,-0.0390,94,5.4960,0.1722
0,15870028,46.6220,20.9167,-0.0677,91,5.4960,0.1722
0,15884028,46.9095,20.5404,-26.8770,89,5.4960,0.1722
0,15898028,47.1970,20.5334,-0.5044,86,5.2480,0.1005
0,15912028,47.4739,19.7841,-53.5400,83,5.2480,0.1005
0,15926027,47.7508,19.7770,-0.5048,79,5.2480,0.1005
0,15940028,48.0224,19.3966,-27.1700,76,5.2480,0.1005
0,15954028,48.2833,18.6359,-54.3400,72,5.2480,0.1005
0,15968028,48.5388,18.2545,-27.2417,68,4.1080,0.0413
0,15982028,48.7838,17.4963,-54.1614,64,4.1080,0.0413
0,15996028,49.0180,16.7331,-54.5107,60,4.1080,0.0413
0,16010028,49.2364,15.5945,-81.3314,55,4.1080,0.0413
0,16024028,49.4493,15.2133,-27.2301,51,4.1080,0.0413
0,16038027,49.6463,14.0729,-81.4634,46,2.9520,-0.0119
0,16052028,49.8327,13.3107,-54.4368,42,2.9520,-0.0119
0,16066028,50.0084,12.5488,-54.4118,38,2.9520,-0.0119
0,16080028,50.1682,11.4117,-81.2382,33,2.9520,-0.0119
0,16094028,50.3119,10.2689,-81.6264,29,1.5400,-0.0548
0,16108028,50.4450,9.5079,-54.3594,25,1.5400,-0.0548
0,16122028,50.5622,8.3673,-81.4710,22,1.5400,-0.0548
0,16136027,50.6687,7.6065,-54.3400,18,1.5400,-0.0548
0,16150028,50.7592,6.4656,-81.4905,15,1.5400,-0.0548
0,16164028,50.8391,5.7030,-54.4603,12,0.8240,-0.0662
0,16178028,50.9083,4.9447,-54.1633,9,0.8240,-0.0662
0,16192028,50.9615,3.8035,-81.5157,7,0.8240,-0.0662
0,16206028,51.0041,3.0425,-54.3594,5,0.8240,-0.0662
0,16220028,51.0414,2.6624,-27.1505,3,0.0920,-0.0463
0,16234028,51.0627,1.5217,-81.4866,1,0.0920,-0.0463
0,16248028,51.0787,1.1406,-27.2244,0,0.0920,-0.0463
0,16262028,51.0840,0.3804,-54.3010,0,0.0920,-0.0463
0,16276028,51.0840,0.0000,-27.1700,0,0.0920,-0.0463
0,16290028,51.0840,0.0000,0.0000,0,0.0000,-0.0223
0,16304028,51.0840,0.0000,0.0000,0,0.0000,-0.0223
0,16318028,51.0840,0.0000,0.0000,1,0.0000,-0.0223
0,16332028,51.0840,0.0000,0.0000,2,0.0000,-0.0223
0,16346028,51.0840,0.0000,0.0000,4,0.0000,-0.0223
0,16360028,51.0840,0.0000,0.0000,6,0.1120,0.0066
0,16374028,51.0840,0.0000,0.0000,8,0.1120,0.0066
0,16388028,51.0893,0.3804,27.1700,11,0.1120,0.0066
0,16402028,51.0893,0.0000,-27.1700,14,0.1120,0.0066
0,16416028,51.1000,0.7610,54.3710,17,0.2080,0.1046
0,16430028,51.1106,0.7605,-0.0350,21,0.2080,0.1046
0,16444028,51.1319,1.5215,54.3594,24,0.2080,0.1046
0,16458028,51.1585,1.9016,27.1505,28,0.2080,0.1046
0,16472028,51.1958,2.6621,54.3205,32,0.2080,0.1046
0,16486028,51.2437,3.4231,54.3594,36,1.3920,0.1889
0,16500028,51.3023,4.1836,54.3205,41,1.3920,0.1889
0,16514028,51.3715,4.9441,54.3205,45,1.3920,0.1889
0,16528028,51.4514,5.7049,54.3400,49,1.3920,0.1889
0,16542028,51.5419,6.4656,54.3400,54,2.7280,0.1889
0,16556028,51.6431,7.2261,54.3205,58,2.7280,0.2508
0,16570028,51.7655,8.7474,108.6605,62,2.7280,0.2508
0,16584028,51.8933,9.1274,27.1410,67,2.7280,0.2508
0,16598028,52.0371,10.2696,81.5953,71,2.7280,0.2508
0,16612028,52.1968,11.4095,81.4186,75,3.8280,0.2846
0,16626028,52.3672,12.1705,54.3594,78,3.8280,0.2846
0,16640028,52.5536,13.3085,81.2694,82,3.8280,0.2846
0,16654027,52.7506,14.0701,54.3924,85,3.8280,0.2846
0,16668027,52.9582,14.8329,54.4835,88,3.8280,0.2846
0,16682028,53.1765,15.5942,54.3845,91,4.8520,0.2872
0,16696028,53.4055,16.3542,54.2798,93,4.8520,0.2872
0,16710028,53.6451,17.1149,54.3401,95,4.8520,0.2872
0,16724028,53.9007,18.2542,81.3720,97,4.8520,0.2872
0,16738027,54.1563,18.2610,0.4854,98,5.5360,0.2543
0,16752028,54.4225,19.0163,53.9479,99,5.5360,0.2543
0,16766028,54.6994,19.7773,54.3594,99,5.5360,0.2543
0,16780028,54.9816,20.1557,27.0263,99,5.5360,0.2543
0,16794028,55.2638,20.1588,0.2252,99,5.5360,0.2543
0,16808028,55.5566,20.9179,54.2176,99,5.7240,0.2050
0,16822028,55.8495,20.9179,0.0000,98,5.7240,0.2050
0,16836028,56.1423,20.9137,-0.3006,96,5.7240,0.2050
0,16850028,56.4405,21.2968,27.3601,94,5.7240,0.2050
0,16864027,56.7334,20.9194,-26.9566,92,5.3160,0.2050
0,16878028,57.0262,20.9164,-0.2133,90,5.3160,0.1344
0,16892027,57.3084,20.1588,-54.1148,87,5.3160,0.1344
0,16906028,57.5959,20.5393,27.1738,84,5.3160,0.1344
0,16920027,57.8728,19.7796,-54.2701,81,5.3160,0.1344
0,16934027,58.1444,19.3980,-27.2554,77,4.6440,0.0656
0,16948029,58.4106,19.0149,-27.3640,74,4.6440,0.0656
0,16962028,58.6662,18.2558,-54.2236,70,4.6440,0.0656
0,16976027,58.9111,17.4953,-54.3205,66,4.6440,0.0656
0,16990027,59.1507,17.1159,-27.1040,61,4.6440,0.0656
0,17004028,59.3797,16.3506,-54.6464,57,3.5880,0.0153
0,17018028,59.5927,15.2163,-81.0442,53,3.5880,0.0153
0,17032027,59.8003,14.8326,-27.4029,48,3.5880,0.0153
0,17046028,59.9920,13.6920,-81.4710,44,3.5880,0.0153
0,17060028,60.1677,12.5504,-81.5488,40,2.4400,-0.0308
0,17074028,60.3328,11.7901,-54.3011,35,2.4400,-0.0308
0,17088028,60.4872,11.0299,-54.3011,31,2.4400,-0.0308
0,17102028,60.6256,9.8882,-81.5489,27,2.4400,-0.0308
0,17116028,60.7481,8.7474,-81.4905,23,2.4400,-0.0308
0,17130027,60.8599,7.9863,-54.3573,20,1.3480,-0.0681
0,17144028,60.9557,6.8457,-81.4692,16,1.3480,-0.0681
0,17158028,61.0409,6.0840,-54.4020,13,1.3480,-0.0681
0,17172028,61.1155,5.3248,-54.2274,10,1.3480,-0.0681
0,17186028,61.1741,4.1836,-81.5100,8,1.3480,-0.0681
0,17200028,61.2220,3.4231,-54.3205,5,0.3080,-0.0622
0,17214028,61.2593,2.6621,-54.3594,4,0.3080,-0.0622
0,17228028,61.2859,1.9016,-54.3205,2,0.3080,-0.0622
0,17242028,61.3072,1.5218,-27.1330,1,0.3080,-0.0622
0,17256028,61.3178,0.7605,-54.3827,0,0.0840,-0.0344
0,17270028,61.3231,0.3801,-27.1700,0,0.0840,-0.0344
0,17284028,61.3231,0.0000,-27.1505,0,0.0840,-0.0344
0,17298028,61.3231,0.0000,0.0000,0,0.0840,-0.0344
0,17312028,61.3231,0.0000,0.0000,1,0.0840,-0.0344
0,17326028,61.3231,0.0000,0.0000,2,0.0000,-0.0064
0,17340028,61.3231,0.0000,0.0000,3,0.0000,-0.0064
0,17354028,61.3231,0.0000,0.0000,5,0.0000,-0.0064
0,17368028,61.3231,0.0000,0.0000,7,0.0000,-0.0064
0,17382028,61.3231,0.0000,0.0000,10,0.2000,0.0550
0,17396028,61.3285,0.3804,27.1700,13,0.2000,0.0550
0,17410028,61.3285,0.0000,-27.1777,16,0.2000,0.0550
0,17424028,61.3338,0.3807,27.1894,19,0.2000,0.0550
0,17438028,61.3338,0.0000,-27.1894,23,0.2000,0.0550
0,17452028,61.3551,1.5210,108.6410,26,1.2480,0.1868
0,17466028,61.3870,2.2820,54.3594,30,1.2480,0.1868
0,17480028,61.4243,2.6621,27.1505,35,1.2480,0.1868
0,17494028,61.4776,3.8038,81.5489,39,1.2480,0.1868
0,17508028,61.5415,4.5635,54.2621,43,1.2480,0.1868
0,17522028,61.6107,4.9444,27.2089,48,2.1560,0.2344
0,17536028,61.7012,6.4656,108.6605,52,2.1560,0.2344
0,17550027,61.8024,7.2264,54.3400,56,2.1560,0.2344
0,17564028,61.9088,7.6062,27.1310,61,2.1560,0.2344
0,17578028,62.0366,9.1278,108.6800,65,2.8560,0.2738
0,17592028,62.1751,9.8885,54.3400,69,2.8560,0.2738
0,17606028,62.3295,11.0294,81.4905,73,2.8560,0.2738
0,17620028,62.4946,11.7904,54.3594,77,2.8560,0.2738
0,17634028,62.6703,12.5506,54.3011,80,2.8560,0.2738
0,17648028,62.8619,13.6911,81.4538,84,4.1320,0.2897
0,17662028,63.0643,14.4499,54.1962,87,4.1320,0.2897
0,17676028,63.2826,15.5926,81.6110,90,4.1320,0.2897
0,17690028,63.5062,15.9738,27.2301,92,4.1320,0.2897
0,17704028,63.7458,17.1146,81.4905,94,5.2360,0.2897
0,17718028,63.9961,17.8757,54.3594,96,5.2360,0.2746
0,17732028,64.2517,18.2594,27.4164,97,5.2360,0.2746
0,17746027,64.5179,19.0135,53.8588,98,5.2360,0.2746
0,17760028,64.7894,19.3966,27.3639,99,5.2360,0.2746
0,17774028,65.0663,19.7799,27.3759,99,5.5840,0.2266
0,17788027,65.3539,20.5378,54.1380,99,5.5840,0.2266
0,17802027,65.6414,20.5372,-0.0390,99,5.5840,0.2266
0,17816028,65.9342,20.9182,27.2090,98,5.5840,0.2266
0,17830027,66.2324,21.2940,26.8383,97,5.5840,0.2266
0,17844027,66.5306,21.2965,0.1783,95,5.6360,0.1732
0,17858028,66.8234,20.9182,-27.0224,93,5.6360,0.1732
0,17872028,67.1110,20.5402,-27.0032,91,5.6360,0.1732
0,17886028,67.4038,20.9182,26.9993,88,5.6360,0.1732
0,17900028,67.6913,20.5378,-27.1700,86,5.0920,0.0955
0,17914027,67.9735,20.1603,-26.9680,82,5.0920,0.0955
0,17928028,68.2504,19.7756,-27.4746,79,5.0920,0.0955
0,17942028,68.5166,19.0190,-54.0527,75,5.0920,0.0955
0,17956028,68.7775,18.6346,-27.4572,71,5.0920,0.0955
0,17970028,69.0278,17.8769,-54.1188,67,4.1000,0.0342
0,17984028,69.2727,17.4947,-27.3002,63,4.1000,0.0342
0,17998028,69.5070,16.7321,-54.4639,59,4.1000,0.0342
0,18012028,69.7253,15.5956,-81.1917,55,4.1000,0.0342
0,18026028,69.9330,14.8326,-54.4991,50,3.0680,0.0342
0,18040028,70.1300,14.0719,-54.3400,46,3.0680,-0.0089
0,18054028,70.3164,13.3117,-54.3011,41,3.0680,-0.0089
0,18068028,70.4921,12.5500,-54.4000,37,3.0680,-0.0089
0,18082028,70.6465,11.0302,-108.5674,33,3.0680,-0.0089
0,18096028,70.7902,10.2686,-54.3963,29,1.8760,-0.0550
0,18110028,70.9234,9.5077,-54.3456,25,1.8760,-0.0550
0,18124027,71.0405,8.3673,-81.4615,21,1.8760,-0.0550
0,18138028,71.1470,7.6060,-54.3749,18,1.8760,-0.0550
0,18152028,71.2375,6.4658,-81.4440,14,1.8760,-0.0550
0,18166028,71.3120,5.3236,-81.5680,11,0.9880,-0.0697
0,18180029,71.3759,4.5640,-54.2585,9,0.9880,-0.0697
0,18194028,71.4292,3.8033,-54.3400,6,0.9880,-0.0697
0,18208028,71.4718,3.0425,-54.3400,4,0.9880,-0.0697
0,18222028,71.5091,2.6623,-27.1543,3,0.0480,-0.0434
0,18236028,71.5304,1.5215,-81.5120,1,0.0480,-0.0434
0,18250028,71.5410,0.7608,-54.3399,0,0.0480,-0.0434
0,18264028,71.5517,0.7608,0.0000,0,0.0480,-0.0434
